block,number,placement,code,coordX,coord-Y,expandX,expand-Y,placeholder,Blok Rumah,Spesifikasi
a3,8,vert,comv,6189.5,5746.5,72,144,orchid,A3/08,36/72 (6x12)
a3,7,vert,comv,6261.5,5746.5,72,144,orchid,A3/07,36/72 (6x12)
a3,6,vert,comv,6333.5,5746.5,72,144,orchid,A3/06,36/72 (6x12)
a3,5,vert,comv,6405.5,5746.5,72,144,orchid,A3/05,36/72 (6x12)
a3,4,vert,comv,6477.5,5746.5,72,144,orchid,A3/04,36/72 (6x12)
a3,3,vert,comv,6549.5,5746.5,72,144,orchid,A3/03,36/72 (6x12)
a3,2,vert,comv,6621.5,5746.5,72,144,orchid,A3/02,36/72 (6x12)
a3,1,vert,comv36,6693.5,5746.5,108,144,purple,A3/01,36/72 (6x12) +36
a3,47,vert,subv40,6069.5,5890.5,120,120,green,A3/47,27/60 (6x10) +40
a3,48,vert,subv,6189.5,5890.5,72,120,lightgreen,A3/48,27/60 (6x10)
a3,49,vert,subv,6261.5,5890.5,72,120,lightgreen,A3/49,27/60 (6x10)
a3,50,vert,subv,6333.5,5890.5,72,120,lightgreen,A3/50,27/60 (6x10)
a3,51,vert,subv,6405.5,5890.5,72,120,lightgreen,A3/51,27/60 (6x10)
a3,52,vert,subv,6477.5,5890.5,72,120,lightgreen,A3/52,27/60 (6x10)
a3,53,vert,subv,6549.5,5890.5,72,120,lightgreen,A3/53,27/60 (6x10)
a3,54,vert,subv,6621.5,5890.5,72,120,lightgreen,A3/54,27/60 (6x10)
a3,55,vert,subv,6693.5,5890.5,72,120,lightgreen,A3/55,27/60 (6x10)
a4,10,vert,subv40,6069.5,6094.5,120,120,green,A4/10,27/60 (6x10) +40
a4,9,vert,subv,6189.5,6094.5,72,120,lightgreen,A4/09,27/60 (6x10)
a4,8,vert,subv,6261.5,6094.5,72,120,lightgreen,A4/08,27/60 (6x10)
a4,7,vert,subv,6333.5,6094.5,72,120,lightgreen,A4/07,27/60 (6x10)
a4,6,vert,subv,6405.5,6094.5,72,120,lightgreen,A4/06,27/60 (6x10)
a4,5,vert,subv30,6477.5,6094.5,108,120,lime,A4/05,27/60 (6x10) +30
a4,47,vert,subv40,6069.5,6214.5,120,120,green,A4/47,27/60 (6x10) +40
a4,48,vert,subv,6189.5,6214.5,72,120,lightgreen,A4/48,27/60 (6x10)
a4,49,vert,subv,6261.5,6214.5,72,120,lightgreen,A4/49,27/60 (6x10)
a4,50,vert,subv,6333.5,6214.5,72,120,lightgreen,A4/50,27/60 (6x10)
a4,51,vert,subv,6405.5,6214.5,72,120,lightgreen,A4/51,27/60 (6x10)
a4,52,vert,subv30,6477.5,6214.5,108,120,lime,A4/52,27/60 (6x10) +30
a5,10,vert,subv40,6069.5,6418.5,120,120,green,A5/10,27/60 (6x10) +40
a5,9,vert,subv,6189.5,6418.5,72,120,lightgreen,A5/09,27/60 (6x10)
a5,8,vert,subv,6261.5,6418.5,72,120,lightgreen,A5/08,27/60 (6x10)
a5,7,vert,subv,6333.5,6418.5,72,120,lightgreen,A5/07,27/60 (6x10)
a5,6,vert,subv,6405.5,6418.5,72,120,lightgreen,A5/06,27/60 (6x10)
a5,5,vert,subv,6477.5,6418.5,72,120,lightgreen,A5/05,27/60 (6x10)
a5,4,vert,subv,6549.5,6418.5,72,120,lightgreen,A5/04,27/60 (6x10)
a5,47,vert,subv40,6069.5,6538.5,120,120,green,A5/47,27/60 (6x10) +40
a5,48,vert,subv,6189.5,6538.5,72,120,lightgreen,A5/48,27/60 (6x10)
a5,49,vert,subv,6261.5,6538.5,72,120,lightgreen,A5/49,27/60 (6x10)
a5,50,vert,subv,6333.5,6538.5,72,120,lightgreen,A5/50,27/60 (6x10)
a5,51,vert,subv,6405.5,6538.5,72,120,lightgreen,A5/51,27/60 (6x10)
a5,52,vert,subv,6477.5,6538.5,72,120,lightgreen,A5/52,27/60 (6x10)
a5,53,vert,subv,6549.5,6538.5,72,120,lightgreen,A5/53,27/60 (6x10)
a6,10,vert,subv40,6069.5,6742.5,120,120,green,A6/10,27/60 (6x10) +40
a6,9,vert,subv,6189.5,6742.5,72,120,lightgreen,A6/09,27/60 (6x10)
a6,8,vert,subv,6261.5,6742.5,72,120,lightgreen,A6/08,27/60 (6x10)
a6,7,vert,subv,6333.5,6742.5,72,120,lightgreen,A6/07,27/60 (6x10)
a6,6,vert,subv30,6405.5,6742.5,108,120,lime,A6/06,27/60 (6x10) +30
a6,47,vert,subv40,6069.5,6862.5,120,120,green,A6/47,27/60 (6x10) +40
a6,48,vert,subv,6189.5,6862.5,72,120,lightgreen,A6/48,27/60 (6x10)
a6,49,vert,subv,6261.5,6862.5,72,120,lightgreen,A6/49,27/60 (6x10)
a6,50,vert,subv,6333.5,6862.5,72,120,lightgreen,A6/50,27/60 (6x10)
a6,51,vert,subv30,6405.5,6862.5,108,120,lime,A6/51,27/60 (6x10) +30
a7,1,horz,comh30,6069.5,7066.5,144,108,purple,A7/01,36/72 (6x12) +30
a7,2,horz,comh,6069.5,7174.5,144,72,orchid,A7/02,36/72 (6x12)
a7,3,horz,comh,6069.5,7246.5,144,72,orchid,A7/03,36/72 (6x12)
a7,4,horz,comh,6069.5,7318.5,144,72,orchid,A7/04,36/72 (6x12)
a7,5,horz,comh,6069.5,7390.5,144,72,orchid,A7/05,36/72 (6x12)
a7,6,horz,comh,6069.5,7462.5,144,72,orchid,A7/06,36/72 (6x12)
a7,7,horz,comh,6069.5,7534.5,144,72,orchid,A7/07,36/72 (6x12)
a7,8,horz,comh,6069.5,7606.5,144,72,orchid,A7/08,36/72 (6x12)
a11,23,vert,comv,4033.5,4882.5,72,144,orchid,A11/23,36/72 (6x12)
a11,22,vert,comv,4105.5,4882.5,72,144,orchid,A11/22,36/72 (6x12)
a11,21,vert,comv,4177.5,4882.5,72,144,orchid,A11/21,36/72 (6x12)
a11,20,vert,comv,4249.5,4882.5,72,144,orchid,A11/20,36/72 (6x12)
a11,19,vert,comv,4321.5,4882.5,72,144,orchid,A11/19,36/72 (6x12)
a11,18,vert,comv,4393.5,4882.5,72,144,orchid,A11/18,36/72 (6x12)
a11,17,vert,comv,4465.5,4882.5,72,144,orchid,A11/17,36/72 (6x12)
a11,16,vert,comv,4537.5,4882.5,72,144,orchid,A11/16,36/72 (6x12)
a11,15,vert,comv,4609.5,4882.5,72,144,orchid,A11/15,36/72 (6x12)
a11,14,vert,comv,4681.5,4882.5,72,144,orchid,A11/14,36/72 (6x12)
a11,13,vert,comv,4753.5,4882.5,72,144,orchid,A11/12A,36/72 (6x12)
a11,12,vert,comv,4825.5,4882.5,72,144,orchid,A11/12,36/72 (6x12)
a11,11,vert,comv,4897.5,4882.5,72,144,orchid,A11/11,36/72 (6x12)
a11,10,vert,comv,4969.5,4882.5,72,144,orchid,A11/10,36/72 (6x12)
a11,9,vert,comv,5041.5,4882.5,72,144,orchid,A11/09,36/72 (6x12)
a11,8,vert,comv,5113.5,4882.5,72,144,orchid,A11/08,36/72 (6x12)
a11,7,vert,comv,5185.5,4882.5,72,144,orchid,A11/07,36/72 (6x12)
a11,6,vert,comv,5257.5,4882.5,72,144,orchid,A11/06,36/72 (6x12)
a11,5,vert,comv,5329.5,4882.5,72,144,orchid,A11/05,36/72 (6x12)
a11,4,vert,comv,5401.5,4882.5,72,144,orchid,A11/04,36/72 (6x12)
a11,3,vert,comv,5473.5,4882.5,72,144,orchid,A11/03,36/72 (6x12)
a11,2,vert,comv30,5545.5,4882.5,102,144,magenta,A11/02,36/72 (6x12) +30
a11,1,vert,comv30,5647.5,4882.5,102,144,magenta,A11/01,36/72 (6x12) +30
a11,34,vert,subv,4033.5,5026.5,72,120,lightgreen,A11/34,27/60 (6x10)
a11,35,vert,subv,4105.5,5026.5,72,120,lightgreen,A11/35,27/60 (6x10)
a11,36,vert,subv,4177.5,5026.5,72,120,lightgreen,A11/36,27/60 (6x10)
a11,37,vert,subv,4249.5,5026.5,72,120,lightgreen,A11/37,27/60 (6x10)
a11,38,vert,subv,4321.5,5026.5,72,120,lightgreen,A11/38,27/60 (6x10)
a11,39,vert,subv,4393.5,5026.5,72,120,lightgreen,A11/39,27/60 (6x10)
a11,40,vert,subv,4465.5,5026.5,72,120,lightgreen,A11/40,27/60 (6x10)
a11,41,vert,subv,4537.5,5026.5,72,120,lightgreen,A11/41,27/60 (6x10)
a11,42,vert,subv,4609.5,5026.5,72,120,lightgreen,A11/42,27/60 (6x10)
a11,43,vert,subv,4681.5,5026.5,72,120,lightgreen,A11/43,27/60 (6x10)
a11,44,vert,subv,4753.5,5026.5,72,120,lightgreen,A11/44,27/60 (6x10)
a11,45,vert,subv,4825.5,5026.5,72,120,lightgreen,A11/45,27/60 (6x10)
a11,46,vert,subv,4897.5,5026.5,72,120,lightgreen,A11/46,27/60 (6x10)
a11,47,vert,subv,4969.5,5026.5,72,120,lightgreen,A11/47,27/60 (6x10)
a11,48,vert,subv,5041.5,5026.5,72,120,lightgreen,A11/48,27/60 (6x10)
a11,49,vert,subv,5113.5,5026.5,72,120,lightgreen,A11/49,27/60 (6x10)
a11,50,vert,subv,5185.5,5026.5,72,120,lightgreen,A11/50,27/60 (6x10)
a11,51,vert,subv,5257.5,5026.5,72,120,lightgreen,A11/51,27/60 (6x10)
a11,52,vert,subv,5329.5,5026.5,72,120,lightgreen,A11/52,27/60 (6x10)
a11,53,vert,subv,5401.5,5026.5,72,120,lightgreen,A11/53,27/60 (6x10)
a11,54,vert,subv,5473.5,5026.5,72,120,lightgreen,A11/54,27/60 (6x10)
a11,55,vert,subv25,5545.5,5026.5,102,120,chartreuse,A11/55,27/60 (6x10) +25
a11,56,vert,subv25,5647.5,5026.5,102,120,chartreuse,A11/56,27/60 (6x10) +25
a16,1,horz,comh36,5749.5,4882.5,144,108,purple,A16/01,36/72 (6x12) +36
a16,2,horz,comh,5749.5,4990.5,144,72,orchid,A16/02,36/72 (6x12)
a16,3,horz,comh,5749.5,5062.5,144,72,orchid,A16/03,36/72 (6x12)
a16,4,horz,comh,5749.5,5134.5,144,72,orchid,A16/04,36/72 (6x12)
a16,5,horz,comh,5749.5,5206.5,144,72,orchid,A16/05,36/72 (6x12)
a16,6,horz,comh,5749.5,5278.5,144,72,orchid,A16/06,36/72 (6x12)
a16,7,horz,comh,5749.5,5350.5,144,72,orchid,A16/07,36/72 (6x12)
a16,41,horz,subh30,5629.5,5243.5,120,108,lime,A16/41,27/60 (6x10) +30
a16,40,horz,subh,5629.5,5351.5,120,72,lightgreen,A16/40,27/60 (6x10)
a16,39,horz,subh,5629.5,5423.5,120,72,lightgreen,A16/39,27/60 (6x10)
a16,38,horz,subh,5629.5,5495.5,120,72,lightgreen,A16/38,27/60 (6x10)
a16,37,horz,subh,5629.5,5567.5,120,72,lightgreen,A16/37,27/60 (6x10)
a17,46,horz,subh30,5293.5,5242.5,120,108,lime,A17/46,27/60 (6x10) +30
a17,45,horz,subh,5293.5,5350.5,120,72,lightgreen,A17/45,27/60 (6x10)
a17,44,horz,subh,5293.5,5422.5,120,72,lightgreen,A17/44,27/60 (6x10)
a17,43,horz,subh,5293.5,5494.5,120,72,lightgreen,A17/43,27/60 (6x10)
a17,42,horz,subh,5293.5,5566.5,120,72,lightgreen,A17/42,27/60 (6x10)
a17,41,horz,subh,5293.5,5638.5,120,72,lightgreen,A17/41,27/60 (6x10)
a17,40,horz,subh,5293.5,5710.5,120,72,lightgreen,A17/40,27/60 (6x10)
a17,39,horz,subh,5293.5,5782.5,120,72,lightgreen,A17/39,27/60 (6x10)
a17,38,horz,subh,5293.5,5854.5,120,72,lightgreen,A17/38,27/60 (6x10)
a17,37,horz,subh,5293.5,5926.5,120,72,lightgreen,A17/37,27/60 (6x10)
a17,1,horz,subh30,5413.5,5242.5,120,108,lime,A17/01,27/60 (6x10) +30
a17,2,horz,subh,5413.5,5350.5,120,72,lightgreen,A17/02,27/60 (6x10)
a17,3,horz,subh,5413.5,5422.5,120,72,lightgreen,A17/03,27/60 (6x10)
a17,4,horz,subh,5413.5,5494.5,120,72,lightgreen,A17/04,27/60 (6x10)
a17,5,horz,subh,5413.5,5566.5,120,72,lightgreen,A17/05,27/60 (6x10)
a17,6,horz,subh,5413.5,5638.5,120,72,lightgreen,A17/06,27/60 (6x10)
a17,7,horz,subh,5413.5,5710.5,120,72,lightgreen,A17/07,27/60 (6x10)
a17,8,horz,subh,5413.5,5782.5,120,72,lightgreen,A17/08,27/60 (6x10)
a18,46,horz,subh30,4969.5,5242.5,120,108,lime,A18/46,27/60 (6x10) +30
a18,45,horz,subh,4969.5,5350.5,120,72,lightgreen,A18/45,27/60 (6x10)
a18,44,horz,subh,4969.5,5422.5,120,72,lightgreen,A18/44,27/60 (6x10)
a18,43,horz,subh,4969.5,5494.5,120,72,lightgreen,A18/43,27/60 (6x10)
a18,42,horz,subh,4969.5,5566.5,120,72,lightgreen,A18/42,27/60 (6x10)
a18,41,horz,subh,4969.5,5638.5,120,72,lightgreen,A18/41,27/60 (6x10)
a18,40,horz,subh,4969.5,5710.5,120,72,lightgreen,A18/40,27/60 (6x10)
a18,39,horz,subh,4969.5,5782.5,120,72,lightgreen,A18/39,27/60 (6x10)
a18,38,horz,subh,4969.5,5854.5,120,72,lightgreen,A18/38,27/60 (6x10)
a18,37,horz,subh,4969.5,5926.5,120,72,lightgreen,A18/37,27/60 (6x10)
a18,36,horz,subh,4969.5,5998.5,120,72,lightgreen,A18/36,27/60 (6x10)
a18,35,horz,subh,4969.5,6070.5,120,72,lightgreen,A18/35,27/60 (6x10)
a18,34,horz,subh,4969.5,6142.5,120,72,lightgreen,A18/34,27/60 (6x10)
a18,33,horz,subh,4969.5,6214.5,120,72,lightgreen,A18/33,27/60 (6x10)
a18,1,horz,subh30,5089.5,5242.5,120,108,lime,A18/01,27/60 (6x10) +30
a18,2,horz,subh,5089.5,5350.5,120,72,lightgreen,A18/02,27/60 (6x10)
a18,3,horz,subh,5089.5,5422.5,120,72,lightgreen,A18/03,27/60 (6x10)
a18,4,horz,subh,5089.5,5494.5,120,72,lightgreen,A18/04,27/60 (6x10)
a18,5,horz,subh,5089.5,5566.5,120,72,lightgreen,A18/05,27/60 (6x10)
a18,6,horz,subh,5089.5,5638.5,120,72,lightgreen,A18/06,27/60 (6x10)
a18,7,horz,subh,5089.5,5710.5,120,72,lightgreen,A18/07,27/60 (6x10)
a18,8,horz,subh,5089.5,5782.5,120,72,lightgreen,A18/08,27/60 (6x10)
a18,9,horz,subh,5089.5,5854.5,120,72,lightgreen,A18/09,27/60 (6x10)
a18,10,horz,subh,5089.5,5926.5,120,72,lightgreen,A18/10,27/60 (6x10)
a18,11,horz,subh,5089.5,5998.5,120,72,lightgreen,A18/11,27/60 (6x10)
a18,12,horz,subh,5089.5,6070.5,120,72,lightgreen,A18/12,27/60 (6x10)
a18,13,horz,subh,5089.5,6142.5,120,72,lightgreen,A18/12A,27/60 (6x10)
a18,14,horz,subh,5089.5,6214.5,120,72,lightgreen,A18/14,27/60 (6x10)
a19,46,horz,subh30,4645.5,5242.5,120,108,lime,A19/46,27/60 (6x10) +30
a19,45,horz,subh,4645.5,5350.5,120,72,lightgreen,A19/45,27/60 (6x10)
a19,44,horz,subh,4645.5,5422.5,120,72,lightgreen,A19/44,27/60 (6x10)
a19,43,horz,subh,4645.5,5494.5,120,72,lightgreen,A19/43,27/60 (6x10)
a19,42,horz,subh,4645.5,5566.5,120,72,lightgreen,A19/42,27/60 (6x10)
a19,41,horz,subh,4645.5,5638.5,120,72,lightgreen,A19/41,27/60 (6x10)
a19,40,horz,subh,4645.5,5710.5,120,72,lightgreen,A19/40,27/60 (6x10)
a19,39,horz,subh,4645.5,5782.5,120,72,lightgreen,A19/39,27/60 (6x10)
a19,38,horz,subh,4645.5,5854.5,120,72,lightgreen,A19/38,27/60 (6x10)
a19,37,horz,subh,4645.5,5926.5,120,72,lightgreen,A19/37,27/60 (6x10)
a19,36,horz,subh,4645.5,5998.5,120,72,lightgreen,A19/36,27/60 (6x10)
a19,35,horz,subh,4645.5,6070.5,120,72,lightgreen,A19/35,27/60 (6x10)
a19,34,horz,subh,4645.5,6142.5,120,72,lightgreen,A19/34,27/60 (6x10)
a19,33,horz,subh,4645.5,6214.5,120,72,lightgreen,A19/33,27/60 (6x10)
a19,1,horz,subh30,4765.5,5242.5,120,108,lime,A19/01,27/60 (6x10) +30
a19,2,horz,subh,4765.5,5350.5,120,72,lightgreen,A19/02,27/60 (6x10)
a19,3,horz,subh,4765.5,5422.5,120,72,lightgreen,A19/03,27/60 (6x10)
a19,4,horz,subh,4765.5,5494.5,120,72,lightgreen,A19/04,27/60 (6x10)
a19,5,horz,subh,4765.5,5566.5,120,72,lightgreen,A19/05,27/60 (6x10)
a19,6,horz,subh,4765.5,5638.5,120,72,lightgreen,A19/06,27/60 (6x10)
a19,7,horz,subh,4765.5,5710.5,120,72,lightgreen,A19/07,27/60 (6x10)
a19,8,horz,subh,4765.5,5782.5,120,72,lightgreen,A19/08,27/60 (6x10)
a19,9,horz,subh,4765.5,5854.5,120,72,lightgreen,A19/09,27/60 (6x10)
a19,10,horz,subh,4765.5,5926.5,120,72,lightgreen,A19/10,27/60 (6x10)
a19,11,horz,subh,4765.5,5998.5,120,72,lightgreen,A19/11,27/60 (6x10)
a19,12,horz,subh,4765.5,6070.5,120,72,lightgreen,A19/12,27/60 (6x10)
a19,13,horz,subh,4765.5,6142.5,120,72,lightgreen,A19/12A,27/60 (6x10)
a19,14,horz,subh,4765.5,6214.5,120,72,lightgreen,A19/14,27/60 (6x10)
a20,46,horz,subh30,4321.5,5242.5,120,108,lime,A20/46,27/60 (6x10) +30
a20,45,horz,subh,4321.5,5350.5,120,72,lightgreen,A20/45,27/60 (6x10)
a20,44,horz,subh,4321.5,5422.5,120,72,lightgreen,A20/44,27/60 (6x10)
a20,43,horz,subh,4321.5,5494.5,120,72,lightgreen,A20/43,27/60 (6x10)
a20,42,horz,subh,4321.5,5566.5,120,72,lightgreen,A20/42,27/60 (6x10)
a20,41,horz,subh,4321.5,5638.5,120,72,lightgreen,A20/41,27/60 (6x10)
a20,40,horz,subh,4321.5,5710.5,120,72,lightgreen,A20/40,27/60 (6x10)
a20,39,horz,subh,4321.5,5782.5,120,72,lightgreen,A20/39,27/60 (6x10)
a20,38,horz,subh,4321.5,5854.5,120,72,lightgreen,A20/38,27/60 (6x10)
a20,37,horz,subh,4321.5,5926.5,120,72,lightgreen,A20/37,27/60 (6x10)
a20,36,horz,subh,4321.5,5998.5,120,72,lightgreen,A20/36,27/60 (6x10)
a20,35,horz,subh,4321.5,6070.5,120,72,lightgreen,A20/35,27/60 (6x10)
a20,34,horz,subh,4321.5,6142.5,120,72,lightgreen,A20/34,27/60 (6x10)
a20,33,horz,subh,4321.5,6214.5,120,72,lightgreen,A20/33,27/60 (6x10)
a20,1,horz,subh30,4441.5,5242.5,120,108,lime,A20/01,27/60 (6x10) +30
a20,2,horz,subh,4441.5,5350.5,120,72,lightgreen,A20/02,27/60 (6x10)
a20,3,horz,subh,4441.5,5422.5,120,72,lightgreen,A20/03,27/60 (6x10)
a20,4,horz,subh,4441.5,5494.5,120,72,lightgreen,A20/04,27/60 (6x10)
a20,5,horz,subh,4441.5,5566.5,120,72,lightgreen,A20/05,27/60 (6x10)
a20,6,horz,subh,4441.5,5638.5,120,72,lightgreen,A20/06,27/60 (6x10)
a20,7,horz,subh,4441.5,5710.5,120,72,lightgreen,A20/07,27/60 (6x10)
a20,8,horz,subh,4441.5,5782.5,120,72,lightgreen,A20/08,27/60 (6x10)
a20,9,horz,subh,4441.5,5854.5,120,72,lightgreen,A20/09,27/60 (6x10)
a20,10,horz,subh,4441.5,5926.5,120,72,lightgreen,A20/10,27/60 (6x10)
a20,11,horz,subh,4441.5,5998.5,120,72,lightgreen,A20/11,27/60 (6x10)
a20,12,horz,subh,4441.5,6070.5,120,72,lightgreen,A20/12,27/60 (6x10)
a20,13,horz,subh,4441.5,6142.5,120,72,lightgreen,A20/12A,27/60 (6x10)
a20,14,horz,subh,4441.5,6214.5,120,72,lightgreen,A20/14,27/60 (6x10)
a21,46,horz,subh30,3997.5,5242.5,120,108,lime,A21/46,27/60 (6x10) +30
a21,45,horz,subh,3997.5,5350.5,120,72,lightgreen,A21/45,27/60 (6x10)
a21,44,horz,subh,3997.5,5422.5,120,72,lightgreen,A21/44,27/60 (6x10)
a21,43,horz,subh,3997.5,5494.5,120,72,lightgreen,A21/43,27/60 (6x10)
a21,42,horz,subh,3997.5,5566.5,120,72,lightgreen,A21/42,27/60 (6x10)
a21,41,horz,subh,3997.5,5638.5,120,72,lightgreen,A21/41,27/60 (6x10)
a21,40,horz,subh,3997.5,5710.5,120,72,lightgreen,A21/40,27/60 (6x10)
a21,39,horz,subh,3997.5,5782.5,120,72,lightgreen,A21/39,27/60 (6x10)
a21,38,horz,subh,3997.5,5854.5,120,72,lightgreen,A21/38,27/60 (6x10)
a21,37,horz,subh,3997.5,5926.5,120,72,lightgreen,A21/37,27/60 (6x10)
a21,36,horz,subh,3997.5,5998.5,120,72,lightgreen,A21/36,27/60 (6x10)
a21,35,horz,subh,3997.5,6070.5,120,72,lightgreen,A21/35,27/60 (6x10)
a21,34,horz,subh,3997.5,6142.5,120,72,lightgreen,A21/34,27/60 (6x10)
a21,33,horz,subh,3997.5,6214.5,120,72,lightgreen,A21/33,27/60 (6x10)
a21,1,horz,subh30,4117.5,5242.5,120,108,lime,A21/01,27/60 (6x10) +30
a21,2,horz,subh,4117.5,5350.5,120,72,lightgreen,A21/02,27/60 (6x10)
a21,3,horz,subh,4117.5,5422.5,120,72,lightgreen,A21/03,27/60 (6x10)
a21,4,horz,subh,4117.5,5494.5,120,72,lightgreen,A21/04,27/60 (6x10)
a21,5,horz,subh,4117.5,5566.5,120,72,lightgreen,A21/05,27/60 (6x10)
a21,6,horz,subh,4117.5,5638.5,120,72,lightgreen,A21/06,27/60 (6x10)
a21,7,horz,subh,4117.5,5710.5,120,72,lightgreen,A21/07,27/60 (6x10)
a21,8,horz,subh,4117.5,5782.5,120,72,lightgreen,A21/08,27/60 (6x10)
a21,9,horz,subh,4117.5,5854.5,120,72,lightgreen,A21/09,27/60 (6x10)
a21,10,horz,subh,4117.5,5926.5,120,72,lightgreen,A21/10,27/60 (6x10)
a21,11,horz,subh,4117.5,5998.5,120,72,lightgreen,A21/11,27/60 (6x10)
a21,12,horz,subh,4117.5,6070.5,120,72,lightgreen,A21/12,27/60 (6x10)
a21,13,horz,subh,4117.5,6142.5,120,72,lightgreen,A21/12A,27/60 (6x10)
a21,14,horz,subh,4117.5,6214.5,120,72,lightgreen,A21/14,27/60 (6x10)
a23,1,horz,comh,5781.5,6346.5,144,72,orchid,A23/01,36/72 (6x12)
a23,2,horz,comh,5781.5,6418.5,144,72,orchid,A23/02,36/72 (6x12)
a23,3,horz,comh,5781.5,6490.5,144,72,orchid,A23/03,36/72 (6x12)
a23,42,horz,subh,5661.5,6730.5,120,72,lightgreen,A23/42,27/60 (6x10)
a23,41,horz,subh,5661.5,6802.5,120,72,lightgreen,A23/41,27/60 (6x10)
a23,40,horz,subh,5661.5,6874.5,120,72,lightgreen,A23/40,27/60 (6x10)
a23,39,horz,subh,5661.5,6946.5,120,72,lightgreen,A23/39,27/60 (6x10)
a23,38,horz,subh,5661.5,7018.5,120,72,lightgreen,A23/38,27/60 (6x10)
a23,37,horz,subh30,5661.5,7090.5,120,108,lime,A23/37,27/60 (6x10) +30
a23,6,horz,comh,5781.5,6730.5,144,72,orchid,A23/06,36/72 (6x12)
a23,7,horz,comh,5781.5,6802.5,144,72,orchid,A23/07,36/72 (6x12)
a23,8,horz,comh,5781.5,6874.5,144,72,orchid,A23/08,36/72 (6x12)
a23,9,horz,comh,5781.5,6946.5,144,72,orchid,A23/09,36/72 (6x12)
a23,10,horz,comh,5781.5,7018.5,144,72,orchid,A23/10,36/72 (6x12)
a23,11,horz,comh,5781.5,7090.5,144,72,orchid,A23/11,36/72 (6x12)
a23,12,horz,comh,5781.5,7162.5,144,72,orchid,A23/12,36/72 (6x12)
a23,13,horz,comh,5781.5,7234.5,144,72,orchid,A23/12A,36/72 (6x12)
a23,14,horz,comh,5781.5,7306.5,144,72,orchid,A23/14,36/72 (6x12)
a23,15,horz,comh,5781.5,7378.5,144,72,orchid,A23/15,36/72 (6x12)
a23,16,horz,comh36,5781.5,7450.5,144,108,purple,A23/16,36/72 (6x12) +36
a25,46,horz,subh,4969.5,6442.5,120,72,lightgreen,A25/46,27/60 (6x10)
a25,45,horz,subh,4969.5,6514.5,120,72,lightgreen,A25/45,27/60 (6x10)
a26,46,horz,subh,4645.5,6442.5,120,72,lightgreen,A26/46,27/60 (6x10)
a26,45,horz,subh,4645.5,6514.5,120,72,lightgreen,A26/45,27/60 (6x10)
a26,44,horz,subh,4645.5,6586.5,120,72,lightgreen,A26/44,27/60 (6x10)
a26,43,horz,subh,4645.5,6658.5,120,72,lightgreen,A26/43,27/60 (6x10)
a26,42,horz,subh,4645.5,6730.5,120,72,lightgreen,A26/42,27/60 (6x10)
a26,41,horz,subh,4645.5,6802.5,120,72,lightgreen,A26/41,27/60 (6x10)
a26,40,horz,subh,4645.5,6874.5,120,72,lightgreen,A26/40,27/60 (6x10)
a26,39,horz,subh,4645.5,6946.5,120,72,lightgreen,A26/39,27/60 (6x10)
a26,1,horz,subh,4765.5,6442.5,120,72,lightgreen,A26/01,27/60 (6x10)
a26,2,horz,subh,4765.5,6514.5,120,72,lightgreen,A26/02,27/60 (6x10)
a26,3,horz,subh,4765.5,6586.5,120,72,lightgreen,A26/03,27/60 (6x10)
a26,4,horz,subh,4765.5,6658.5,120,72,lightgreen,A26/04,27/60 (6x10)
a26,5,horz,subh,4765.5,6730.5,120,72,lightgreen,A26/05,27/60 (6x10)
a27,46,horz,subh,4321.5,6442.5,120,72,lightgreen,A27/46,27/60 (6x10)
a27,45,horz,subh,4321.5,6514.5,120,72,lightgreen,A27/45,27/60 (6x10)
a27,44,horz,subh,4321.5,6586.5,120,72,lightgreen,A27/44,27/60 (6x10)
a27,43,horz,subh,4321.5,6658.5,120,72,lightgreen,A27/43,27/60 (6x10)
a27,42,horz,subh,4321.5,6730.5,120,72,lightgreen,A27/42,27/60 (6x10)
a27,41,horz,subh,4321.5,6802.5,120,72,lightgreen,A27/41,27/60 (6x10)
a27,40,horz,subh,4321.5,6874.5,120,72,lightgreen,A27/40,27/60 (6x10)
a27,39,horz,subh,4321.5,6946.5,120,72,lightgreen,A27/39,27/60 (6x10)
a27,38,horz,subh,4321.5,7018.5,120,72,lightgreen,A27/38,27/60 (6x10)
a27,37,horz,subh30,4321.5,7090.5,120,108,lime,A27/37,27/60 (6x10) +30
a27,1,horz,subh,4441.5,6442.5,120,72,lightgreen,A27/01,27/60 (6x10)
a27,2,horz,subh,4441.5,6514.5,120,72,lightgreen,A27/02,27/60 (6x10)
a27,3,horz,subh,4441.5,6586.5,120,72,lightgreen,A27/03,27/60 (6x10)
a27,4,horz,subh,4441.5,6658.5,120,72,lightgreen,A27/04,27/60 (6x10)
a27,5,horz,subh,4441.5,6730.5,120,72,lightgreen,A27/05,27/60 (6x10)
a27,6,horz,subh,4441.5,6802.5,120,72,lightgreen,A27/06,27/60 (6x10)
a27,7,horz,subh,4441.5,6874.5,120,72,lightgreen,A27/07,27/60 (6x10)
a27,8,horz,subh,4441.5,6946.5,120,72,lightgreen,A27/08,27/60 (6x10)
a27,9,horz,subh,4441.5,7018.5,120,72,lightgreen,A27/09,27/60 (6x10)
a27,10,horz,subh30,4441.5,7090.5,120,108,lime,A27/10,27/60 (6x10) +30
a28,46,horz,subh,3997.5,6442.5,120,72,lightgreen,A28/46,27/60 (6x10)
a28,45,horz,subh,3997.5,6514.5,120,72,lightgreen,A28/45,27/60 (6x10)
a28,44,horz,subh,3997.5,6586.5,120,72,lightgreen,A28/44,27/60 (6x10)
a28,43,horz,subh,3997.5,6658.5,120,72,lightgreen,A28/43,27/60 (6x10)
a28,42,horz,subh,3997.5,6730.5,120,72,lightgreen,A28/42,27/60 (6x10)
a28,41,horz,subh,3997.5,6802.5,120,72,lightgreen,A28/41,27/60 (6x10)
a28,40,horz,subh,3997.5,6874.5,120,72,lightgreen,A28/40,27/60 (6x10)
a28,39,horz,subh,3997.5,6946.5,120,72,lightgreen,A28/39,27/60 (6x10)
a28,38,horz,subh,3997.5,7018.5,120,72,lightgreen,A28/38,27/60 (6x10)
a28,37,horz,subh30,3997.5,7090.5,120,108,lime,A28/37,27/60 (6x10) +30
a28,1,horz,subh,4117.5,6442.5,120,72,lightgreen,A28/01,27/60 (6x10)
a28,2,horz,subh,4117.5,6514.5,120,72,lightgreen,A28/02,27/60 (6x10)
a28,3,horz,subh,4117.5,6586.5,120,72,lightgreen,A28/03,27/60 (6x10)
a28,4,horz,subh,4117.5,6658.5,120,72,lightgreen,A28/04,27/60 (6x10)
a28,5,horz,subh,4117.5,6730.5,120,72,lightgreen,A28/05,27/60 (6x10)
a28,6,horz,subh,4117.5,6802.5,120,72,lightgreen,A28/06,27/60 (6x10)
a28,7,horz,subh,4117.5,6874.5,120,72,lightgreen,A28/07,27/60 (6x10)
a28,8,horz,subh,4117.5,6946.5,120,72,lightgreen,A28/08,27/60 (6x10)
a28,9,horz,subh,4117.5,7018.5,120,72,lightgreen,A28/09,27/60 (6x10)
a28,10,horz,subh30,4117.5,7090.5,120,108,lime,A28/10,27/60 (6x10) +30
a31,51,vert,subv30,5253.5,7294.5,108,120,lime,A31/51,27/60 (6x10) +30
a31,52,vert,subv,5361.5,7294.5,72,120,lightgreen,A31/52,27/60 (6x10)
a31,53,vert,subv,5433.5,7294.5,72,120,lightgreen,A31/53,27/60 (6x10)
a31,54,vert,subv,5505.5,7294.5,72,120,lightgreen,A31/54,27/60 (6x10)
a31,55,vert,subv25,5577.5,7294.5,102,120,chartreuse,A31/55,27/60 (6x10) +25
a31,56,vert,subv25,5679.5,7294.5,102,120,chartreuse,A31/56,27/60 (6x10) +25
a31,1,vert,comv30,5679.5,7414.5,102,144,magenta,A31/01,36/72 (6x12) +30
a31,2,vert,comv30,5577.5,7414.5,102,144,magenta,A31/02,36/72 (6x12) +30
a31,3,vert,comv,5505.5,7414.5,72,144,orchid,A31/03,36/72 (6x12)
a31,4,vert,comv,5433.5,7414.5,72,144,orchid,A31/04,36/72 (6x12)
a31,5,vert,comv,5361.5,7414.5,72,144,orchid,A31/05,36/72 (6x12)
a31,6,vert,comv,5289.5,7414.5,72,144,orchid,A31/06,36/72 (6x12)
a31,7,vert,comv,5217.5,7414.5,72,144,orchid,A31/07,36/72 (6x12)
a31,8,vert,comv,5145.5,7414.5,72,144,orchid,A31/08,36/72 (6x12)
a31,9,vert,comv,5073.5,7414.5,72,144,orchid,A31/09,36/72 (6x12)
a32,34,vert,subv,4033.5,7294.5,72,120,lightgreen,A32/34,27/60 (6x10)
a32,35,vert,subv,4105.5,7294.5,72,120,lightgreen,A32/35,27/60 (6x10)
a32,36,vert,subv,4177.5,7294.5,72,120,lightgreen,A32/36,27/60 (6x10)
a32,37,vert,subv,4249.5,7294.5,72,120,lightgreen,A32/37,27/60 (6x10)
a32,38,vert,subv,4321.5,7294.5,72,120,lightgreen,A32/38,27/60 (6x10)
a32,39,vert,subv,4393.5,7294.5,72,120,lightgreen,A32/39,27/60 (6x10)
a32,23,vert,comv,4033.5,7414.5,72,144,orchid,A32/23,36/72 (6x12)
a32,22,vert,comv,4105.5,7414.5,72,144,orchid,A32/22,36/72 (6x12)
a32,21,vert,comv,4177.5,7414.5,72,144,orchid,A32/21,36/72 (6x12)
a32,20,vert,comv,4249.5,7414.5,72,144,orchid,A32/20,36/72 (6x12)
a32,19,vert,comv,4321.5,7414.5,72,144,orchid,A32/19,36/72 (6x12)
a41,17,vert,comv,2640.5,4882.5,72,144,orchid,A41/17,36/72 (6x12)
a41,16,vert,comv,2712.5,4882.5,72,144,orchid,A41/16,36/72 (6x12)
a41,15,vert,comv,2784.5,4882.5,72,144,orchid,A41/15,36/72 (6x12)
a41,14,vert,comv,2856.5,4882.5,72,144,orchid,A41/14,36/72 (6x12)
a41,13,vert,comv,2928.5,4882.5,72,144,orchid,A41/12A,36/72 (6x12)
a41,12,vert,comv,3000.5,4882.5,72,144,orchid,A41/12,36/72 (6x12)
a41,11,vert,comv,3072.5,4882.5,72,144,orchid,A41/11,36/72 (6x12)
a41,10,vert,comv,3144.5,4882.5,72,144,orchid,A41/10,36/72 (6x12)
a41,9,vert,comv,3216.5,4882.5,72,144,orchid,A41/09,36/72 (6x12)
a41,8,vert,comv,3288.5,4882.5,72,144,orchid,A41/08,36/72 (6x12)
a41,7,vert,comv,3360.5,4882.5,72,144,orchid,A41/07,36/72 (6x12)
a41,6,vert,comv,3432.5,4882.5,72,144,orchid,A41/06,36/72 (6x12)
a41,5,vert,comv,3504.5,4882.5,72,144,orchid,A41/05,36/72 (6x12)
a41,4,vert,comv,3576.5,4882.5,72,144,orchid,A41/04,36/72 (6x12)
a41,3,vert,comv,3648.5,4882.5,72,144,orchid,A41/03,36/72 (6x12)
a41,2,vert,comv,3720.5,4882.5,72,144,orchid,A41/02,36/72 (6x12)
a41,1,vert,comv,3792.5,4882.5,72,144,orchid,A41/01,36/72 (6x12)
a41,40,vert,subv,2640.5,5026.5,72,120,lightgreen,A41/40,27/60 (6x10)
a41,41,vert,subv,2712.5,5026.5,72,120,lightgreen,A41/41,27/60 (6x10)
a41,42,vert,subv,2784.5,5026.5,72,120,lightgreen,A41/42,27/60 (6x10)
a41,43,vert,subv,2856.5,5026.5,72,120,lightgreen,A41/43,27/60 (6x10)
a41,44,vert,subv,2928.5,5026.5,72,120,lightgreen,A41/44,27/60 (6x10)
a41,45,vert,subv,3000.5,5026.5,72,120,lightgreen,A41/45,27/60 (6x10)
a41,46,vert,subv,3072.5,5026.5,72,120,lightgreen,A41/46,27/60 (6x10)
a41,47,vert,subv,3144.5,5026.5,72,120,lightgreen,A41/47,27/60 (6x10)
a41,48,vert,subv,3216.5,5026.5,72,120,lightgreen,A41/48,27/60 (6x10)
a41,49,vert,subv,3288.5,5026.5,72,120,lightgreen,A41/49,27/60 (6x10)
a41,50,vert,subv,3360.5,5026.5,72,120,lightgreen,A41/50,27/60 (6x10)
a41,51,vert,subv,3432.5,5026.5,72,120,lightgreen,A41/51,27/60 (6x10)
a41,52,vert,subv,3504.5,5026.5,72,120,lightgreen,A41/52,27/60 (6x10)
a41,53,vert,subv,3576.5,5026.5,72,120,lightgreen,A41/53,27/60 (6x10)
a41,54,vert,subv,3648.5,5026.5,72,120,lightgreen,A41/54,27/60 (6x10)
a41,55,vert,subv,3720.5,5026.5,72,120,lightgreen,A41/55,27/60 (6x10)
a41,56,vert,subv,3792.5,5026.5,72,120,lightgreen,A41/56,27/60 (6x10)
a46,46,horz,subh30,3661.5,5242.5,120,108,lime,A46/46,27/60 (6x10) +30
a46,45,horz,subh,3661.5,5350.5,120,72,lightgreen,A46/45,27/60 (6x10)
a46,44,horz,subh,3661.5,5422.5,120,72,lightgreen,A46/44,27/60 (6x10)
a46,43,horz,subh,3661.5,5494.5,120,72,lightgreen,A46/43,27/60 (6x10)
a46,42,horz,subh,3661.5,5566.5,120,72,lightgreen,A46/42,27/60 (6x10)
a46,41,horz,subh,3661.5,5638.5,120,72,lightgreen,A46/41,27/60 (6x10)
a46,40,horz,subh,3661.5,5710.5,120,72,lightgreen,A46/40,27/60 (6x10)
a46,39,horz,subh,3661.5,5782.5,120,72,lightgreen,A46/39,27/60 (6x10)
a46,38,horz,subh,3661.5,5854.5,120,72,lightgreen,A46/38,27/60 (6x10)
a46,37,horz,subh,3661.5,5926.5,120,72,lightgreen,A46/37,27/60 (6x10)
a46,36,horz,subh,3661.5,5998.5,120,72,lightgreen,A46/36,27/60 (6x10)
a46,35,horz,subh,3661.5,6070.5,120,72,lightgreen,A46/35,27/60 (6x10)
a46,34,horz,subh,3661.5,6142.5,120,72,lightgreen,A46/34,27/60 (6x10)
a46,33,horz,subh,3661.5,6214.5,120,72,lightgreen,A46/33,27/60 (6x10)
a46,1,horz,subh30,3781.5,5242.5,120,108,lime,A46/01,27/60 (6x10) +30
a46,2,horz,subh,3781.5,5350.5,120,72,lightgreen,A46/02,27/60 (6x10)
a46,3,horz,subh,3781.5,5422.5,120,72,lightgreen,A46/03,27/60 (6x10)
a46,4,horz,subh,3781.5,5494.5,120,72,lightgreen,A46/04,27/60 (6x10)
a46,5,horz,subh,3781.5,5566.5,120,72,lightgreen,A46/05,27/60 (6x10)
a46,6,horz,subh,3781.5,5638.5,120,72,lightgreen,A46/06,27/60 (6x10)
a46,7,horz,subh,3781.5,5710.5,120,72,lightgreen,A46/07,27/60 (6x10)
a46,8,horz,subh,3781.5,5782.5,120,72,lightgreen,A46/08,27/60 (6x10)
a46,9,horz,subh,3781.5,5854.5,120,72,lightgreen,A46/09,27/60 (6x10)
a46,10,horz,subh,3781.5,5926.5,120,72,lightgreen,A46/10,27/60 (6x10)
a46,11,horz,subh,3781.5,5998.5,120,72,lightgreen,A46/11,27/60 (6x10)
a46,12,horz,subh,3781.5,6070.5,120,72,lightgreen,A46/12,27/60 (6x10)
a46,13,horz,subh,3781.5,6142.5,120,72,lightgreen,A46/12A,27/60 (6x10)
a46,14,horz,subh,3781.5,6214.5,120,72,lightgreen,A46/14,27/60 (6x10)
a47,46,horz,subh30,3337.5,5242.5,120,108,lime,A47/46,27/60 (6x10) +30
a47,45,horz,subh,3337.5,5350.5,120,72,lightgreen,A47/45,27/60 (6x10)
a47,44,horz,subh,3337.5,5422.5,120,72,lightgreen,A47/44,27/60 (6x10)
a47,43,horz,subh,3337.5,5494.5,120,72,lightgreen,A47/43,27/60 (6x10)
a47,42,horz,subh,3337.5,5566.5,120,72,lightgreen,A47/42,27/60 (6x10)
a47,41,horz,subh,3337.5,5638.5,120,72,lightgreen,A47/41,27/60 (6x10)
a47,40,horz,subh,3337.5,5710.5,120,72,lightgreen,A47/40,27/60 (6x10)
a47,39,horz,subh,3337.5,5782.5,120,72,lightgreen,A47/39,27/60 (6x10)
a47,38,horz,subh,3337.5,5854.5,120,72,lightgreen,A47/38,27/60 (6x10)
a47,37,horz,subh,3337.5,5926.5,120,72,lightgreen,A47/37,27/60 (6x10)
a47,36,horz,subh,3337.5,5998.5,120,72,lightgreen,A47/36,27/60 (6x10)
a47,35,horz,subh,3337.5,6070.5,120,72,lightgreen,A47/35,27/60 (6x10)
a47,34,horz,subh,3337.5,6142.5,120,72,lightgreen,A47/34,27/60 (6x10)
a47,33,horz,subh,3337.5,6214.5,120,72,lightgreen,A47/33,27/60 (6x10)
a47,1,horz,subh30,3457.5,5242.5,120,108,lime,A47/01,27/60 (6x10) +30
a47,2,horz,subh,3457.5,5350.5,120,72,lightgreen,A47/02,27/60 (6x10)
a47,3,horz,subh,3457.5,5422.5,120,72,lightgreen,A47/03,27/60 (6x10)
a47,4,horz,subh,3457.5,5494.5,120,72,lightgreen,A47/04,27/60 (6x10)
a47,5,horz,subh,3457.5,5566.5,120,72,lightgreen,A47/05,27/60 (6x10)
a47,6,horz,subh,3457.5,5638.5,120,72,lightgreen,A47/06,27/60 (6x10)
a47,7,horz,subh,3457.5,5710.5,120,72,lightgreen,A47/07,27/60 (6x10)
a47,8,horz,subh,3457.5,5782.5,120,72,lightgreen,A47/08,27/60 (6x10)
a47,9,horz,subh,3457.5,5854.5,120,72,lightgreen,A47/09,27/60 (6x10)
a47,10,horz,subh,3457.5,5926.5,120,72,lightgreen,A47/10,27/60 (6x10)
a47,11,horz,subh,3457.5,5998.5,120,72,lightgreen,A47/11,27/60 (6x10)
a47,12,horz,subh,3457.5,6070.5,120,72,lightgreen,A47/12,27/60 (6x10)
a47,13,horz,subh,3457.5,6142.5,120,72,lightgreen,A47/12A,27/60 (6x10)
a47,14,horz,subh,3457.5,6214.5,120,72,lightgreen,A47/14,27/60 (6x10)
a48,46,horz,subh30,3012.5,5242.5,120,108,lime,A48/46,27/60 (6x10) +30
a48,45,horz,subh,3012.5,5350.5,120,72,lightgreen,A48/45,27/60 (6x10)
a48,44,horz,subh,3012.5,5422.5,120,72,lightgreen,A48/44,27/60 (6x10)
a48,43,horz,subh,3012.5,5494.5,120,72,lightgreen,A48/43,27/60 (6x10)
a48,42,horz,subh,3012.5,5566.5,120,72,lightgreen,A48/42,27/60 (6x10)
a48,41,horz,subh,3012.5,5638.5,120,72,lightgreen,A48/41,27/60 (6x10)
a48,40,horz,subh,3012.5,5710.5,120,72,lightgreen,A48/40,27/60 (6x10)
a48,39,horz,subh,3012.5,5782.5,120,72,lightgreen,A48/39,27/60 (6x10)
a48,38,horz,subh,3012.5,5854.5,120,72,lightgreen,A48/38,27/60 (6x10)
a48,37,horz,subh,3012.5,5926.5,120,72,lightgreen,A48/37,27/60 (6x10)
a48,36,horz,subh,3012.5,5998.5,120,72,lightgreen,A48/36,27/60 (6x10)
a48,35,horz,subh,3012.5,6070.5,120,72,lightgreen,A48/35,27/60 (6x10)
a48,34,horz,subh,3012.5,6142.5,120,72,lightgreen,A48/34,27/60 (6x10)
a48,33,horz,subh,3012.5,6214.5,120,72,lightgreen,A48/33,27/60 (6x10)
a48,1,horz,subh30,3132.5,5242.5,120,108,lime,A48/01,27/60 (6x10) +30
a48,2,horz,subh,3132.5,5350.5,120,72,lightgreen,A48/02,27/60 (6x10)
a48,3,horz,subh,3132.5,5422.5,120,72,lightgreen,A48/03,27/60 (6x10)
a48,4,horz,subh,3132.5,5494.5,120,72,lightgreen,A48/04,27/60 (6x10)
a48,5,horz,subh,3132.5,5566.5,120,72,lightgreen,A48/05,27/60 (6x10)
a48,6,horz,subh,3132.5,5638.5,120,72,lightgreen,A48/06,27/60 (6x10)
a48,7,horz,subh,3132.5,5710.5,120,72,lightgreen,A48/07,27/60 (6x10)
a48,8,horz,subh,3132.5,5782.5,120,72,lightgreen,A48/08,27/60 (6x10)
a48,9,horz,subh,3132.5,5854.5,120,72,lightgreen,A48/09,27/60 (6x10)
a48,10,horz,subh,3132.5,5926.5,120,72,lightgreen,A48/10,27/60 (6x10)
a48,11,horz,subh,3132.5,5998.5,120,72,lightgreen,A48/11,27/60 (6x10)
a48,12,horz,subh,3132.5,6070.5,120,72,lightgreen,A48/12,27/60 (6x10)
a48,13,horz,subh,3132.5,6142.5,120,72,lightgreen,A48/12A,27/60 (6x10)
a48,14,horz,subh,3132.5,6214.5,120,72,lightgreen,A48/14,27/60 (6x10)
a49,3,vert,subv27,2640.5,5242.5,108,120,springgreen,A49/03,27/60 (6x10) +27
a49,2,vert,subv,2748.5,5242.5,72,120,lightgreen,A49/02,27/60 (6x10)
a49,1,vert,subv30,2820.5,5242.5,108,120,lime,A49/01,27/60 (6x10) +30
a49,44,vert,subv30,2640.5,5362.5,108,120,lime,A49/44,27/60 (6x10) +30
a49,45,vert,subv,2748.5,5362.5,72,120,lightgreen,A49/45,27/60 (6x10)
a49,46,vert,subv30,2820.5,5362.5,108,120,lime,A49/46,27/60 (6x10) +30
a50,4,vert,subv,2604.5,5566.5,72,120,lightgreen,A50/04,27/60 (6x10)
a50,3,vert,subv,2676.5,5566.5,72,120,lightgreen,A50/03,27/60 (6x10)
a50,2,vert,subv,2748.5,5566.5,72,120,lightgreen,A50/02,27/60 (6x10)
a50,1,vert,subv30,2820.5,5566.5,108,120,lime,A50/01,27/60 (6x10) +30
a50,43,vert,subv,2604.5,5686.5,72,120,lightgreen,A50/43,27/60 (6x10)
a50,44,vert,subv,2676.5,5686.5,72,120,lightgreen,A50/44,27/60 (6x10)
a50,45,vert,subv,2748.5,5686.5,72,120,lightgreen,A50/45,27/60 (6x10)
a50,46,vert,subv30,2820.5,5686.5,108,120,lime,A50/46,27/60 (6x10) +30
a51,4,vert,subv,2604.5,5890.5,72,120,lightgreen,A51/04,27/60 (6x10)
a51,3,vert,subv,2676.5,5890.5,72,120,lightgreen,A51/03,27/60 (6x10)
a51,2,vert,subv,2748.5,5890.5,72,120,lightgreen,A51/02,27/60 (6x10)
a51,1,vert,subv30,2820.5,5890.5,108,120,lime,A51/01,27/60 (6x10) +30
a51,43,vert,subv,2604.5,6010.5,72,120,lightgreen,A51/43,27/60 (6x10)
a51,44,vert,subv,2676.5,6010.5,72,120,lightgreen,A51/44,27/60 (6x10)
a51,45,vert,subv,2748.5,6010.5,72,120,lightgreen,A51/45,27/60 (6x10)
a51,46,vert,subv30,2820.5,6010.5,108,120,lime,A51/46,27/60 (6x10) +30
a53,46,horz,subh,3661.5,6442.5,120,72,lightgreen,A53/46,27/60 (6x10)
a53,45,horz,subh,3661.5,6514.5,120,72,lightgreen,A53/45,27/60 (6x10)
a53,44,horz,subh,3661.5,6586.5,120,72,lightgreen,A53/44,27/60 (6x10)
a53,43,horz,subh,3661.5,6658.5,120,72,lightgreen,A53/43,27/60 (6x10)
a53,42,horz,subh,3661.5,6730.5,120,72,lightgreen,A53/42,27/60 (6x10)
a53,41,horz,subh,3661.5,6802.5,120,72,lightgreen,A53/41,27/60 (6x10)
a53,40,horz,subh,3661.5,6874.5,120,72,lightgreen,A53/40,27/60 (6x10)
a53,39,horz,subh,3661.5,6946.5,120,72,lightgreen,A53/39,27/60 (6x10)
a53,38,horz,subh,3661.5,7018.5,120,72,lightgreen,A53/38,27/60 (6x10)
a53,37,horz,subh30,3661.5,7090.5,120,108,lime,A53/37,27/60 (6x10) +30
a53,1,horz,subh,3781.5,6442.5,120,72,lightgreen,A53/01,27/60 (6x10)
a53,2,horz,subh,3781.5,6514.5,120,72,lightgreen,A53/02,27/60 (6x10)
a53,3,horz,subh,3781.5,6586.5,120,72,lightgreen,A53/03,27/60 (6x10)
a53,4,horz,subh,3781.5,6658.5,120,72,lightgreen,A53/04,27/60 (6x10)
a53,5,horz,subh,3781.5,6730.5,120,72,lightgreen,A53/05,27/60 (6x10)
a53,6,horz,subh,3781.5,6802.5,120,72,lightgreen,A53/06,27/60 (6x10)
a53,7,horz,subh,3781.5,6874.5,120,72,lightgreen,A53/07,27/60 (6x10)
a53,8,horz,subh,3781.5,6946.5,120,72,lightgreen,A53/08,27/60 (6x10)
a53,9,horz,subh,3781.5,7018.5,120,72,lightgreen,A53/09,27/60 (6x10)
a53,10,horz,subh30,3781.5,7090.5,120,108,lime,A53/10,27/60 (6x10) +30
a54,46,horz,subh,3337.5,6442.5,120,72,lightgreen,A54/46,27/60 (6x10)
a54,45,horz,subh,3337.5,6514.5,120,72,lightgreen,A54/45,27/60 (6x10)
a54,44,horz,subh,3337.5,6586.5,120,72,lightgreen,A54/44,27/60 (6x10)
a54,43,horz,subh,3337.5,6658.5,120,72,lightgreen,A54/43,27/60 (6x10)
a54,42,horz,subh,3337.5,6730.5,120,72,lightgreen,A54/42,27/60 (6x10)
a54,41,horz,subh,3337.5,6802.5,120,72,lightgreen,A54/41,27/60 (6x10)
a54,40,horz,subh,3337.5,6874.5,120,72,lightgreen,A54/40,27/60 (6x10)
a54,39,horz,subh,3337.5,6946.5,120,72,lightgreen,A54/39,27/60 (6x10)
a54,38,horz,subh,3337.5,7018.5,120,72,lightgreen,A54/38,27/60 (6x10)
a54,37,horz,subh30,3337.5,7090.5,120,108,lime,A54/37,27/60 (6x10) +30
a54,1,horz,subh,3457.5,6442.5,120,72,lightgreen,A54/01,27/60 (6x10)
a54,2,horz,subh,3457.5,6514.5,120,72,lightgreen,A54/02,27/60 (6x10)
a54,3,horz,subh,3457.5,6586.5,120,72,lightgreen,A54/03,27/60 (6x10)
a54,4,horz,subh,3457.5,6658.5,120,72,lightgreen,A54/04,27/60 (6x10)
a54,5,horz,subh,3457.5,6730.5,120,72,lightgreen,A54/05,27/60 (6x10)
a54,6,horz,subh,3457.5,6802.5,120,72,lightgreen,A54/06,27/60 (6x10)
a54,7,horz,subh,3457.5,6874.5,120,72,lightgreen,A54/07,27/60 (6x10)
a54,8,horz,subh,3457.5,6946.5,120,72,lightgreen,A54/08,27/60 (6x10)
a54,9,horz,subh,3457.5,7018.5,120,72,lightgreen,A54/09,27/60 (6x10)
a54,10,horz,subh30,3457.5,7090.5,120,108,lime,A54/10,27/60 (6x10) +30
a55,46,horz,subh,3012.5,6442.5,120,72,lightgreen,A55/46,27/60 (6x10)
a55,45,horz,subh,3012.5,6514.5,120,72,lightgreen,A55/45,27/60 (6x10)
a55,44,horz,subh,3012.5,6586.5,120,72,lightgreen,A55/44,27/60 (6x10)
a55,43,horz,subh,3012.5,6658.5,120,72,lightgreen,A55/43,27/60 (6x10)
a55,42,horz,subh,3012.5,6730.5,120,72,lightgreen,A55/42,27/60 (6x10)
a55,41,horz,subh,3012.5,6802.5,120,72,lightgreen,A55/41,27/60 (6x10)
a55,40,horz,subh,3012.5,6874.5,120,72,lightgreen,A55/40,27/60 (6x10)
a55,39,horz,subh,3012.5,6946.5,120,72,lightgreen,A55/39,27/60 (6x10)
a55,38,horz,subh,3012.5,7018.5,120,72,lightgreen,A55/38,27/60 (6x10)
a55,37,horz,subh30,3012.5,7090.5,120,108,lime,A55/37,27/60 (6x10) +30
a55,1,horz,subh,3132.5,6442.5,120,72,lightgreen,A55/01,27/60 (6x10)
a55,2,horz,subh,3132.5,6514.5,120,72,lightgreen,A55/02,27/60 (6x10)
a55,3,horz,subh,3132.5,6586.5,120,72,lightgreen,A55/03,27/60 (6x10)
a55,4,horz,subh,3132.5,6658.5,120,72,lightgreen,A55/04,27/60 (6x10)
a55,5,horz,subh,3132.5,6730.5,120,72,lightgreen,A55/05,27/60 (6x10)
a55,6,horz,subh,3132.5,6802.5,120,72,lightgreen,A55/06,27/60 (6x10)
a55,7,horz,subh,3132.5,6874.5,120,72,lightgreen,A55/07,27/60 (6x10)
a55,8,horz,subh,3132.5,6946.5,120,72,lightgreen,A55/08,27/60 (6x10)
a55,9,horz,subh,3132.5,7018.5,120,72,lightgreen,A55/09,27/60 (6x10)
a55,10,horz,subh30,3132.5,7090.5,120,108,lime,A55/10,27/60 (6x10) +30
a56,43,horz,subh,2688.5,6658.5,120,72,lightgreen,A56/43,27/60 (6x10)
a56,42,horz,subh,2688.5,6730.5,120,72,lightgreen,A56/42,27/60 (6x10)
a56,41,horz,subh,2688.5,6802.5,120,72,lightgreen,A56/41,27/60 (6x10)
a56,40,horz,subh,2688.5,6874.5,120,72,lightgreen,A56/40,27/60 (6x10)
a56,39,horz,subh,2688.5,6946.5,120,72,lightgreen,A56/39,27/60 (6x10)
a56,38,horz,subh,2688.5,7018.5,120,72,lightgreen,A56/38,27/60 (6x10)
a56,37,horz,subh30,2688.5,7090.5,120,108,lime,A56/37,27/60 (6x10) +30
a56,4,horz,subh,2808.5,6658.5,120,72,lightgreen,A56/04,27/60 (6x10)
a56,5,horz,subh,2808.5,6730.5,120,72,lightgreen,A56/05,27/60 (6x10)
a56,6,horz,subh,2808.5,6802.5,120,72,lightgreen,A56/06,27/60 (6x10)
a56,7,horz,subh,2808.5,6874.5,120,72,lightgreen,A56/07,27/60 (6x10)
a56,8,horz,subh,2808.5,6946.5,120,72,lightgreen,A56/08,27/60 (6x10)
a56,9,horz,subh,2808.5,7018.5,120,72,lightgreen,A56/09,27/60 (6x10)
a56,10,horz,subh30,2808.5,7090.5,120,108,lime,A56/10,27/60 (6x10) +30
a57,39,horz,subh,2364.5,6946.5,120,72,lightgreen,A57/39,27/60 (6x10)
a57,38,horz,subh,2364.5,7018.5,120,72,lightgreen,A57/38,27/60 (6x10)
a57,37,horz,subh30,2364.5,7090.5,120,108,lime,A57/37,27/60 (6x10) +30
a57,8,horz,subh,2484.5,6946.5,120,72,lightgreen,A57/08,27/60 (6x10)
a57,9,horz,subh,2484.5,7018.5,120,72,lightgreen,A57/09,27/60 (6x10)
a57,10,horz,subh30,2484.5,7090.5,120,108,lime,A57/10,27/60 (6x10) +30
a58,8,horz,comh36,2004.5,6910.5,144,108,purple,A58/08,36/72 (6x12) +36
a58,9,horz,comh,2004.5,7018.5,144,72,orchid,A58/09,36/72 (6x12)
a58,10,horz,comh,2004.5,7090.5,144,72,orchid,A58/10,36/72 (6x12)
a58,11,horz,comh,2004.5,7162.5,144,72,orchid,A58/11,36/72 (6x12)
a58,12,horz,comh,2004.5,7234.5,144,72,orchid,A58/12,36/72 (6x12)
a58,13,horz,comh,2004.5,7306.5,144,72,orchid,A58/12A,36/72 (6x12)
a58,14,horz,comh,2004.5,7378.5,144,72,orchid,A58/14,36/72 (6x12)
a58,15,horz,comh36,2004.5,7450.5,144,108,purple,A58/15,36/72 (6x12) +36
a58,39,horz,subh30,2148.5,6910.5,120,108,lime,A58/39,27/60 (6x10) +30
a58,38,horz,subh,2148.5,7018.5,120,72,lightgreen,A58/38,27/60 (6x10)
a58,37,horz,subh30,2148.5,7090.5,120,108,lime,A58/37,27/60 (6x10) +30
a61,34,vert,subv25,2148.5,7294.5,102,120,chartreuse,A61/34,27/60 (6x10) +25
a61,35,vert,subv25,2250.5,7294.5,102,120,chartreuse,A61/35,27/60 (6x10) +25
a61,36,vert,subv,2352.5,7294.5,72,120,lightgreen,A61/36,27/60 (6x10)
a61,37,vert,subv,2424.5,7294.5,72,120,lightgreen,A61/37,27/60 (6x10)
a61,38,vert,subv,2496.5,7294.5,72,120,lightgreen,A61/38,27/60 (6x10)
a61,39,vert,subv,2568.5,7294.5,72,120,lightgreen,A61/39,27/60 (6x10)
a61,40,vert,subv,2640.5,7294.5,72,120,lightgreen,A61/40,27/60 (6x10)
a61,41,vert,subv,2712.5,7294.5,72,120,lightgreen,A61/41,27/60 (6x10)
a61,42,vert,subv,2784.5,7294.5,72,120,lightgreen,A61/42,27/60 (6x10)
a61,43,vert,subv,2856.5,7294.5,72,120,lightgreen,A61/43,27/60 (6x10)
a61,44,vert,subv,2928.5,7294.5,72,120,lightgreen,A61/44,27/60 (6x10)
a61,45,vert,subv,3000.5,7294.5,72,120,lightgreen,A61/45,27/60 (6x10)
a61,46,vert,subv,3072.5,7294.5,72,120,lightgreen,A61/46,27/60 (6x10)
a61,47,vert,subv,3144.5,7294.5,72,120,lightgreen,A61/47,27/60 (6x10)
a61,48,vert,subv,3216.5,7294.5,72,120,lightgreen,A61/48,27/60 (6x10)
a61,49,vert,subv,3288.5,7294.5,72,120,lightgreen,A61/49,27/60 (6x10)
a61,50,vert,subv,3360.5,7294.5,72,120,lightgreen,A61/50,27/60 (6x10)
a61,51,vert,subv,3432.5,7294.5,72,120,lightgreen,A61/51,27/60 (6x10)
a61,52,vert,subv,3504.5,7294.5,72,120,lightgreen,A61/52,27/60 (6x10)
a61,53,vert,subv,3576.5,7294.5,72,120,lightgreen,A61/53,27/60 (6x10)
a61,54,vert,subv,3648.5,7294.5,72,120,lightgreen,A61/54,27/60 (6x10)
a61,55,vert,subv,3720.5,7294.5,72,120,lightgreen,A61/55,27/60 (6x10)
a61,56,vert,subv,3792.5,7294.5,72,120,lightgreen,A61/56,27/60 (6x10)
a61,23,vert,comv30,2148.5,7414.5,102,144,magenta,A61/23,36/72 (6x12) +30
a61,22,vert,comv30,2250.5,7414.5,102,144,magenta,A61/22,36/72 (6x12) +30
a61,21,vert,comv,2352.5,7414.5,72,144,orchid,A61/21,36/72 (6x12)
a61,20,vert,comv,2424.5,7414.5,72,144,orchid,A61/20,36/72 (6x12)
a61,19,vert,comv,2496.5,7414.5,72,144,orchid,A61/19,36/72 (6x12)
a61,18,vert,comv,2568.5,7414.5,72,144,orchid,A61/18,36/72 (6x12)
a61,17,vert,comv,2640.5,7414.5,72,144,orchid,A61/17,36/72 (6x12)
a61,16,vert,comv,2712.5,7414.5,72,144,orchid,A61/16,36/72 (6x12)
a61,15,vert,comv,2784.5,7414.5,72,144,orchid,A61/15,36/72 (6x12)
a61,14,vert,comv,2856.5,7414.5,72,144,orchid,A61/14,36/72 (6x12)
a61,13,vert,comv,2928.5,7414.5,72,144,orchid,A61/12A,36/72 (6x12)
a61,12,vert,comv,3000.5,7414.5,72,144,orchid,A61/12,36/72 (6x12)
a61,11,vert,comv,3072.5,7414.5,72,144,orchid,A61/11,36/72 (6x12)
a61,10,vert,comv,3144.5,7414.5,72,144,orchid,A61/10,36/72 (6x12)
a61,9,vert,comv,3216.5,7414.5,72,144,orchid,A61/09,36/72 (6x12)
a61,8,vert,comv,3288.5,7414.5,72,144,orchid,A61/08,36/72 (6x12)
a61,7,vert,comv,3360.5,7414.5,72,144,orchid,A61/07,36/72 (6x12)
a61,6,vert,comv,3432.5,7414.5,72,144,orchid,A61/06,36/72 (6x12)
a61,5,vert,comv,3504.5,7414.5,72,144,orchid,A61/05,36/72 (6x12)
a61,4,vert,comv,3576.5,7414.5,72,144,orchid,A61/04,36/72 (6x12)
a61,3,vert,comv,3648.5,7414.5,72,144,orchid,A61/03,36/72 (6x12)
a61,2,vert,comv,3720.5,7414.5,72,144,orchid,A61/02,36/72 (6x12)
a61,1,vert,comv,3792.5,7414.5,72,144,orchid,A61/01,36/72 (6x12)
a71,19,vert,comv,5023.5,7702.5,72,144,orchid,A71/19,36/72 (6x12)
a71,18,vert,comv,5095.5,7702.5,72,144,orchid,A71/18,36/72 (6x12)
a71,17,vert,comv,5167.5,7702.5,72,144,orchid,A71/17,36/72 (6x12)
a71,16,vert,comv,5239.5,7702.5,72,144,orchid,A71/16,36/72 (6x12)
a71,15,vert,comv,5311.5,7702.5,72,144,orchid,A71/15,36/72 (6x12)
a71,14,vert,comv,5383.5,7702.5,72,144,orchid,A71/14,36/72 (6x12)
a71,13,vert,comv,5455.5,7702.5,72,144,orchid,A71/12A,36/72 (6x12)
a71,12,vert,comv,5527.5,7702.5,72,144,orchid,A71/12,36/72 (6x12)
a71,11,vert,comv,5599.5,7702.5,72,144,orchid,A71/11,36/72 (6x12)
a71,10,vert,comv,5671.5,7702.5,72,144,orchid,A71/10,36/72 (6x12)
a71,9,vert,comv,5743.5,7702.5,72,144,orchid,A71/09,36/72 (6x12)
a71,8,vert,comv,5815.5,7702.5,72,144,orchid,A71/08,36/72 (6x12)
a71,7,vert,comv,5887.5,7702.5,72,144,orchid,A71/07,36/72 (6x12)
a71,6,vert,comv,5959.5,7702.5,72,144,orchid,A71/06,36/72 (6x12)
a71,38,vert,subv,5023.5,7846.5,72,120,lightgreen,A71/38,27/60 (6x10)
a71,39,vert,subv,5095.5,7846.5,72,120,lightgreen,A71/39,27/60 (6x10)
a71,40,vert,subv,5167.5,7846.5,72,120,lightgreen,A71/40,27/60 (6x10)
a71,41,vert,subv,5239.5,7846.5,72,120,lightgreen,A71/41,27/60 (6x10)
a71,42,vert,subv,5311.5,7846.5,72,120,lightgreen,A71/42,27/60 (6x10)
a71,43,vert,subv,5383.5,7846.5,72,120,lightgreen,A71/43,27/60 (6x10)
a71,44,vert,subv,5455.5,7846.5,72,120,lightgreen,A71/44,27/60 (6x10)
a71,45,vert,subv,5527.5,7846.5,72,120,lightgreen,A71/45,27/60 (6x10)
a71,46,vert,subv,5599.5,7846.5,72,120,lightgreen,A71/46,27/60 (6x10)
a71,47,vert,subv,5671.5,7846.5,72,120,lightgreen,A71/47,27/60 (6x10)
a71,48,vert,subv,5743.5,7846.5,72,120,lightgreen,A71/48,27/60 (6x10)
a71,49,vert,subv,5815.5,7846.5,72,120,lightgreen,A71/49,27/60 (6x10)
a71,50,vert,subv,5887.5,7846.5,72,120,lightgreen,A71/50,27/60 (6x10)
a71,51,vert,subv,5959.5,7846.5,72,120,lightgreen,A71/51,27/60 (6x10)
a75,6,vert,subv30,5743.5,8050.5,108,120,lime,A75/06,27/60 (6x10) +30
a75,5,vert,subv,5851.5,8050.5,72,120,lightgreen,A75/05,27/60 (6x10)
a75,4,vert,subv,5923.5,8050.5,72,120,lightgreen,A75/04,27/60 (6x10)
a75,51,vert,subv30,5743.5,8170.5,108,120,lime,A75/51,27/60 (6x10) +30
a75,52,vert,subv,5851.5,8170.5,72,120,lightgreen,A75/52,27/60 (6x10)
a75,53,vert,subv,5923.5,8170.5,72,120,lightgreen,A75/53,27/60 (6x10)
a76,6,vert,subv30,5743.5,8374.5,108,120,lime,A76/06,27/60 (6x10) +30
a76,5,vert,subv,5851.5,8374.5,72,120,lightgreen,A76/05,27/60 (6x10)
a76,51,vert,subv30,5743.5,8494.5,108,120,lime,A76/51,27/60 (6x10) +30
a76,52,vert,subv,5851.5,8494.5,72,120,lightgreen,A76/52,27/60 (6x10)
a77,46,horz,subh30,5419.5,8050.5,120,108,lime,A77/46,27/60 (6x10) +30
a77,45,horz,subh,5419.5,8158.5,120,72,lightgreen,A77/45,27/60 (6x10)
a77,44,horz,subh,5419.5,8230.5,120,72,lightgreen,A77/44,27/60 (6x10)
a77,43,horz,subh,5419.5,8302.5,120,72,lightgreen,A77/43,27/60 (6x10)
a77,42,horz,subh,5419.5,8374.5,120,72,lightgreen,A77/42,27/60 (6x10)
a77,41,horz,subh,5419.5,8446.5,120,72,lightgreen,A77/41,27/60 (6x10)
a77,40,horz,subh30,5419.5,8518.5,120,108,lime,A77/40,27/60 (6x10) +30
a77,1,horz,subh30,5539.5,8050.5,120,108,lime,A77/01,27/60 (6x10) +30
a77,2,horz,subh,5539.5,8158.5,120,72,lightgreen,A77/02,27/60 (6x10)
a77,3,horz,subh,5539.5,8230.5,120,72,lightgreen,A77/03,27/60 (6x10)
a77,4,horz,subh,5539.5,8302.5,120,72,lightgreen,A77/04,27/60 (6x10)
a77,5,horz,subh,5539.5,8374.5,120,72,lightgreen,A77/05,27/60 (6x10)
a77,6,horz,subh,5539.5,8446.5,120,72,lightgreen,A77/06,27/60 (6x10)
a77,7,horz,subh30,5539.5,8518.5,120,108,lime,A77/07,27/60 (6x10) +30
a78,46,horz,subh30,5095.5,8050.5,120,108,lime,A78/46,27/60 (6x10) +30
a78,45,horz,subh,5095.5,8158.5,120,72,lightgreen,A78/45,27/60 (6x10)
a78,44,horz,subh,5095.5,8230.5,120,72,lightgreen,A78/44,27/60 (6x10)
a78,43,horz,subh,5095.5,8302.5,120,72,lightgreen,A78/43,27/60 (6x10)
a78,42,horz,subh,5095.5,8374.5,120,72,lightgreen,A78/42,27/60 (6x10)
a78,41,horz,subh,5095.5,8446.5,120,72,lightgreen,A78/41,27/60 (6x10)
a78,40,horz,subh,5095.5,8518.5,120,72,lightgreen,A78/40,27/60 (6x10)
a78,39,horz,subh,5095.5,8590.5,120,72,lightgreen,A78/39,27/60 (6x10)
a78,1,horz,subh30,5215.5,8050.5,120,108,lime,A78/01,27/60 (6x10) +30
a78,2,horz,subh,5215.5,8158.5,120,72,lightgreen,A78/02,27/60 (6x10)
a78,3,horz,subh,5215.5,8230.5,120,72,lightgreen,A78/03,27/60 (6x10)
a78,4,horz,subh,5215.5,8302.5,120,72,lightgreen,A78/04,27/60 (6x10)
a78,5,horz,subh,5215.5,8374.5,120,72,lightgreen,A78/05,27/60 (6x10)
a78,6,horz,subh,5215.5,8446.5,120,72,lightgreen,A78/06,27/60 (6x10)
a78,7,horz,subh,5215.5,8518.5,120,72,lightgreen,A78/07,27/60 (6x10)
a78,8,horz,subh,5215.5,8590.5,120,72,lightgreen,A78/08,27/60 (6x10)
a79,46,horz,subh30,4771.5,8050.5,120,108,lime,A79/46,27/60 (6x10) +30
a79,45,horz,subh,4771.5,8158.5,120,72,lightgreen,A79/45,27/60 (6x10)
a79,44,horz,subh,4771.5,8230.5,120,72,lightgreen,A79/44,27/60 (6x10)
a79,43,horz,subh,4771.5,8302.5,120,72,lightgreen,A79/43,27/60 (6x10)
a79,42,horz,subh,4771.5,8374.5,120,72,lightgreen,A79/42,27/60 (6x10)
a79,1,horz,subh30,4891.5,8050.5,120,108,lime,A79/01,27/60 (6x10) +30
a79,2,horz,subh,4891.5,8158.5,120,72,lightgreen,A79/02,27/60 (6x10)
a79,3,horz,subh,4891.5,8230.5,120,72,lightgreen,A79/03,27/60 (6x10)
a79,4,horz,subh,4891.5,8302.5,120,72,lightgreen,A79/04,27/60 (6x10)
a79,5,horz,subh,4891.5,8374.5,120,72,lightgreen,A79/05,27/60 (6x10)
a82,46,horz,subh40,3517.5,7702.5,120,120,green,A82/46,27/60 (6x10) +40
a82,45,horz,subh,3517.5,7822.5,120,72,lightgreen,A82/45,27/60 (6x10)
a82,44,horz,subh,3517.5,7894.5,120,72,lightgreen,A82/44,27/60 (6x10)
a82,43,horz,subh,3517.5,7966.5,120,72,lightgreen,A82/43,27/60 (6x10)
a82,42,horz,subh,3517.5,8038.5,120,72,lightgreen,A82/42,27/60 (6x10)
a82,41,horz,subh30,3517.5,8110.5,120,108,lime,A82/41,27/60 (6x10) +30
a82,1,horz,subh40,3637.5,7702.5,120,120,green,A82/01,27/60 (6x10) +40
a82,2,horz,subh,3637.5,7822.5,120,72,lightgreen,A82/02,27/60 (6x10)
a82,3,horz,subh,3637.5,7894.5,120,72,lightgreen,A82/03,27/60 (6x10)
a82,4,horz,subh,3637.5,7966.5,120,72,lightgreen,A82/04,27/60 (6x10)
a82,5,horz,subh,3637.5,8038.5,120,72,lightgreen,A82/05,27/60 (6x10)
a82,6,horz,subh30,3637.5,8110.5,120,108,lime,A82/06,27/60 (6x10) +30
a83,46,horz,subh40,3192.5,7702.5,120,120,green,A83/46,27/60 (6x10) +40
a83,45,horz,subh,3192.5,7822.5,120,72,lightgreen,A83/45,27/60 (6x10)
a83,44,horz,subh,3192.5,7894.5,120,72,lightgreen,A83/44,27/60 (6x10)
a83,43,horz,subh,3192.5,7966.5,120,72,lightgreen,A83/43,27/60 (6x10)
a83,42,horz,subh,3192.5,8038.5,120,72,lightgreen,A83/42,27/60 (6x10)
a83,41,horz,subh,3192.5,8110.5,120,72,lightgreen,A83/41,27/60 (6x10)
a83,40,horz,subh,3192.5,8182.5,120,72,lightgreen,A83/40,27/60 (6x10)
a83,1,horz,subh40,3312.5,7702.5,120,120,green,A83/01,27/60 (6x10) +40
a83,2,horz,subh,3312.5,7822.5,120,72,lightgreen,A83/02,27/60 (6x10)
a83,3,horz,subh,3312.5,7894.5,120,72,lightgreen,A83/03,27/60 (6x10)
a83,4,horz,subh,3312.5,7966.5,120,72,lightgreen,A83/04,27/60 (6x10)
a83,5,horz,subh,3312.5,8038.5,120,72,lightgreen,A83/05,27/60 (6x10)
a83,6,horz,subh,3312.5,8110.5,120,72,lightgreen,A83/06,27/60 (6x10)
a83,7,horz,subh,3312.5,8182.5,120,72,lightgreen,A83/07,27/60 (6x10)
a84,46,horz,subh40,2868.5,7702.5,120,120,green,A84/46,27/60 (6x10) +40
a84,45,horz,subh,2868.5,7822.5,120,72,lightgreen,A84/45,27/60 (6x10)
a84,44,horz,subh,2868.5,7894.5,120,72,lightgreen,A84/44,27/60 (6x10)
a84,43,horz,subh30,2868.5,7966.5,120,108,lime,A84/43,27/60 (6x10) +30
a84,1,horz,subh40,2988.5,7702.5,120,120,green,A84/01,27/60 (6x10) +40
a84,2,horz,subh,2988.5,7822.5,120,72,lightgreen,A84/02,27/60 (6x10)
a84,3,horz,subh,2988.5,7894.5,120,72,lightgreen,A84/03,27/60 (6x10)
a84,4,horz,subh30,2988.5,7966.5,120,108,lime,A84/04,27/60 (6x10) +30
a85,46,horz,subh40,2544.5,7702.5,120,120,green,A85/46,27/60 (6x10) +40
a85,45,horz,subh,2544.5,7822.5,120,72,lightgreen,A85/45,27/60 (6x10)
a85,44,horz,subh,2544.5,7894.5,120,72,lightgreen,A85/44,27/60 (6x10)
a85,43,horz,subh,2544.5,7966.5,120,72,lightgreen,A85/43,27/60 (6x10)
a85,42,horz,subh,2544.5,8038.5,120,72,lightgreen,A85/42,27/60 (6x10)
a85,1,horz,subh40,2664.5,7702.5,120,120,green,A85/01,27/60 (6x10) +40
a85,2,horz,subh,2664.5,7822.5,120,72,lightgreen,A85/02,27/60 (6x10)
a85,3,horz,subh,2664.5,7894.5,120,72,lightgreen,A85/03,27/60 (6x10)
a85,4,horz,subh,2664.5,7966.5,120,72,lightgreen,A85/04,27/60 (6x10)
a85,5,horz,subh,2664.5,8038.5,120,72,lightgreen,A85/05,27/60 (6x10)
a86,46,horz,subh40,2220.5,7702.5,120,120,green,A86/46,27/60 (6x10) +40
a86,45,horz,subh,2220.5,7822.5,120,72,lightgreen,A86/45,27/60 (6x10)
a86,44,horz,subh,2220.5,7894.5,120,72,lightgreen,A86/44,27/60 (6x10)
a86,43,horz,subh,2220.5,7966.5,120,72,lightgreen,A86/43,27/60 (6x10)
a86,1,horz,subh40,2340.5,7702.5,120,120,green,A86/01,27/60 (6x10) +40
a86,2,horz,subh,2340.5,7822.5,120,72,lightgreen,A86/02,27/60 (6x10)
a86,3,horz,subh,2340.5,7894.5,120,72,lightgreen,A86/03,27/60 (6x10)
a86,4,horz,subh,2340.5,7966.5,120,72,lightgreen,A86/04,27/60 (6x10)
a87,46,horz,subh40,1896.5,7702.5,120,120,green,A87/46,27/60 (6x10) +40
a87,45,horz,subh,1896.5,7822.5,120,72,lightgreen,A87/45,27/60 (6x10)
a87,44,horz,subh,1896.5,7894.5,120,72,lightgreen,A87/44,27/60 (6x10)
a87,1,horz,subh40,2016.5,7702.5,120,120,green,A87/01,27/60 (6x10) +40
a87,2,horz,subh,2016.5,7822.5,120,72,lightgreen,A87/02,27/60 (6x10)
a87,3,horz,subh,2016.5,7894.5,120,72,lightgreen,A87/03,27/60 (6x10)
b23,40,horz,subh30,1620.5,6862.5,120,108,limegreen,B23/40,27/60 (6x10) +30
b23,39,horz,subh,1620.5,6970.5,120,72,lightgreen,B23/39,27/60 (6x10)
b23,38,horz,subh,1620.5,7042.5,120,72,lightgreen,B23/38,27/60 (6x10)
b23,37,horz,subh30,1620.5,7114.5,120,108,limegreen,B23/37,27/60 (6x10) +30
b23,8,horz,comh36,1740.5,6934.5,144,108,darkviolet,B23/08,36/72 (6x12) +36
b23,9,horz,comh,1740.5,7042.5,144,72,violet,B23/09,36/72 (6x12)
b23,10,horz,comh,1740.5,7114.5,144,72,violet,B23/10,36/72 (6x12)
b23,11,horz,comh,1740.5,7186.5,144,72,violet,B23/11,36/72 (6x12)
b23,12,horz,comh,1740.5,7258.5,144,72,violet,B23/12,36/72 (6x12)
b23,13,horz,comh,1740.5,7330.5,144,72,violet,B23/12A,36/72 (6x12)
b23,14,horz,comh,1740.5,7402.5,144,72,violet,B23/14,36/72 (6x12)
b23,15,horz,comh36,1740.5,7474.5,144,108,darkviolet,B23/15,36/72 (6x12) +36
b24,41,horz,subh,1296.5,6826.5,120,72,lightgreen,B24/41,27/60 (6x10)
b24,40,horz,subh,1296.5,6898.5,120,72,lightgreen,B24/40,27/60 (6x10)
b24,39,horz,subh,1296.5,6970.5,120,72,lightgreen,B24/39,27/60 (6x10)
b24,38,horz,subh,1296.5,7042.5,120,72,lightgreen,B24/38,27/60 (6x10)
b24,37,horz,subh30,1296.5,7114.5,120,108,limegreen,B24/37,27/60 (6x10) +30
b24,6,horz,subh,1416.5,6826.5,120,72,lightgreen,B24/06,27/60 (6x10)
b24,7,horz,subh,1416.5,6898.5,120,72,lightgreen,B24/07,27/60 (6x10)
b24,8,horz,subh,1416.5,6970.5,120,72,lightgreen,B24/08,27/60 (6x10)
b24,9,horz,subh,1416.5,7042.5,120,72,lightgreen,B24/09,27/60 (6x10)
b24,10,horz,subh30,1416.5,7114.5,120,108,limegreen,B24/10,27/60 (6x10) +30
b25,42,horz,subh,972.5,6754.5,120,72,lightgreen,B25/42,27/60 (6x10)
b25,41,horz,subh,972.5,6826.5,120,72,lightgreen,B25/41,27/60 (6x10)
b25,40,horz,subh,972.5,6898.5,120,72,lightgreen,B25/40,27/60 (6x10)
b25,39,horz,subh,972.5,6970.5,120,72,lightgreen,B25/39,27/60 (6x10)
b25,38,horz,subh,972.5,7042.5,120,72,lightgreen,B25/38,27/60 (6x10)
b25,37,horz,subh30,972.5,7114.5,120,108,limegreen,B25/37,27/60 (6x10) +30
b25,6,horz,subh,1092.5,6826.5,120,72,lightgreen,B25/06,27/60 (6x10)
b25,7,horz,subh,1092.5,6898.5,120,72,lightgreen,B25/07,27/60 (6x10)
b25,8,horz,subh,1092.5,6970.5,120,72,lightgreen,B25/08,27/60 (6x10)
b25,9,horz,subh,1092.5,7042.5,120,72,lightgreen,B25/09,27/60 (6x10)
b25,10,horz,subh30,1092.5,7114.5,120,108,limegreen,B25/10,27/60 (6x10) +30
b31,47,vert,subv,990.5,7318.5,72,120,lightgreen,B31/47,27/60 (6x10)
b31,48,vert,subv,1062.5,7318.5,72,120,lightgreen,B31/48,27/60 (6x10)
b31,49,vert,subv,1134.5,7318.5,72,120,lightgreen,B31/49,27/60 (6x10)
b31,50,vert,subv,1206.5,7318.5,72,120,lightgreen,B31/50,27/60 (6x10)
b31,51,vert,subv,1278.5,7318.5,72,120,lightgreen,B31/51,27/60 (6x10)
b31,52,vert,subv,1350.5,7318.5,72,120,lightgreen,B31/52,27/60 (6x10)
b31,53,vert,subv,1422.5,7318.5,72,120,lightgreen,B31/53,27/60 (6x10)
b31,54,vert,subv,1494.5,7318.5,72,120,lightgreen,B31/54,27/60 (6x10)
b31,55,vert,subv,1566.5,7318.5,72,120,lightgreen,B31/55,27/60 (6x10)
b31,56,vert,subv25,1638.5,7318.5,102,120,chartreuse,B31/56,27/60 (6x10) +25
b31,10,vert,comv,990.5,7438.5,72,144,violet,B31/10,36/72 (6x12)
b31,9,vert,comv,1062.5,7438.5,72,144,violet,B31/09,36/72 (6x12)
b31,8,vert,comv,1134.5,7438.5,72,144,violet,B31/08,36/72 (6x12)
b31,7,vert,comv,1206.5,7438.5,72,144,violet,B31/07,36/72 (6x12)
b31,6,vert,comv,1278.5,7438.5,72,144,violet,B31/06,36/72 (6x12)
b31,5,vert,comv,1350.5,7438.5,72,144,violet,B31/05,36/72 (6x12)
b31,4,vert,comv,1422.5,7438.5,72,144,violet,B31/04,36/72 (6x12)
b31,3,vert,comv,1494.5,7438.5,72,144,violet,B31/03,36/72 (6x12)
b31,2,vert,comv,1566.5,7438.5,72,144,violet,B31/02,36/72 (6x12)
b31,1,vert,comv30,1638.5,7438.5,102,144,fuchsia,B31/01,36/72 (6x12) +30
b54,7,vert,subv30,312.5,6982.5,108,120,limegreen,B54/07,27/60 (6x10) +30
b54,6,vert,subv,420.5,6982.5,72,120,lightgreen,B54/06,27/60 (6x10)
b54,5,vert,subv,492.5,6982.5,72,120,lightgreen,B54/05,27/60 (6x10)
b54,4,vert,subv,564.5,6982.5,72,120,lightgreen,B54/04,27/60 (6x10)
b54,3,vert,subv,636.5,6982.5,72,120,lightgreen,B54/03,27/60 (6x10)
b54,2,vert,subv,708.5,6982.5,72,120,lightgreen,B54/02,27/60 (6x10)
b54,1,vert,subv30,780.5,6982.5,108,120,limegreen,B54/01,27/60 (6x10) +30
b54,40,vert,subv30,312.5,7102.5,108,120,limegreen,B54/40,27/60 (6x10) +30
b54,41,vert,subv,420.5,7102.5,72,120,lightgreen,B54/41,27/60 (6x10)
b54,42,vert,subv,492.5,7102.5,72,120,lightgreen,B54/42,27/60 (6x10)
b54,43,vert,subv,564.5,7102.5,72,120,lightgreen,B54/43,27/60 (6x10)
b54,44,vert,subv,636.5,7102.5,72,120,lightgreen,B54/44,27/60 (6x10)
b54,45,vert,subv,708.5,7102.5,72,120,lightgreen,B54/45,27/60 (6x10)
b54,46,vert,subv30,780.5,7102.5,108,120,limegreen,B54/46,27/60 (6x10) +30
b55,38,horz,subh,648.5,6718.5,120,72,lightgreen,B55/38,27/60 (6x10)
b55,37,horz,subh30,648.5,6790.5,120,108,limegreen,B55/37,27/60 (6x10) +30
b55,9,horz,subh,768.5,6718.5,120,72,lightgreen,B55/09,27/60 (6x10)
b55,10,horz,subh30,768.5,6790.5,120,108,limegreen,B55/10,27/60 (6x10) +30
b56,39,horz,subh,324.5,6646.5,120,72,lightgreen,B56/39,27/60 (6x10)
b56,38,horz,subh,324.5,6718.5,120,72,lightgreen,B56/38,27/60 (6x10)
b56,37,horz,subh30,324.5,6790.5,120,108,limegreen,B56/37,27/60 (6x10) +30
b56,9,horz,subh,444.5,6718.5,120,72,lightgreen,B56/09,27/60 (6x10)
b56,10,horz,subh30,444.5,6790.5,120,108,limegreen,B56/10,27/60 (6x10) +30
b61,48,vert,subv38,135.5,7318.5,111,120,forestgreen,B61/48,27/60 (6x10) +38
b61,49,vert,subv,246.5,7318.5,72,120,lightgreen,B61/49,27/60 (6x10)
b61,50,vert,subv,318.5,7318.5,72,120,lightgreen,B61/50,27/60 (6x10)
b61,51,vert,subv,390.5,7318.5,72,120,lightgreen,B61/51,27/60 (6x10)
b61,52,vert,subv,462.5,7318.5,72,120,lightgreen,B61/52,27/60 (6x10)
b61,53,vert,subv,534.5,7318.5,72,120,lightgreen,B61/53,27/60 (6x10)
b61,54,vert,subv,606.5,7318.5,72,120,lightgreen,B61/54,27/60 (6x10)
b61,55,vert,subv,678.5,7318.5,72,120,lightgreen,B61/55,27/60 (6x10)
b61,56,vert,subv,750.5,7318.5,72,120,lightgreen,B61/56,27/60 (6x10)
